{
    "kgtwd": 50.7,
    "ethkg": 7.5691394871795,
    "ethban": 37.845697435897,
    "ethbane3": 37846,
    "ethtwd": "383.755",
    "ethbtc": 0.0286,
    "btctwd": 13418.02
}
